id_str,full_text,created_at,favourites_count,statuses_count,followers_count,retweeted,retweet_count,retweeted_text,location,hashtags,user_mentions,symbols,urls
1090967822845456390,RT @MadhaviBhuta: ‚Å¶@rssurjewala‚Å© loses...,Thu Jan 31 13:39:32 +0000 2019,3837,3028,168,False,3,‚Å¶@rssurjewala‚Å© loses...,‡§Æ‡•Å‡§≤‡•Å‡§Ç‡§° ‡§™‡§∂‡•ç‡§ö‡§ø‡§Æ ‡§Æ‡•Å‡§Ç‡§¨‡§à,3,2,0,0
1090909893618470912,‚Å¶@rssurjewala‚Å© loses...,Thu Jan 31 09:49:21 +0000 2019,4827,34258,6094,False,3,,Mumbai.,3,1,0,0
1091317993257091072,Modi vs Rahul - Here are the sentiment analysis to track the popularity index of both PM Narendra Modi and Rahul Gandhi. SRC:,Fri Feb 01 12:50:59 +0000 2019,3,106,18,False,0,,Gurgaon India,11,0,0,1
1093542041605140482,Miracle! instead of to provide interim relief from large burns to and Opposition parties in Delhi after Hon'ble PM's Speech. @BJP4India @theskindoctor13,Thu Feb 07 16:08:34 +0000 2019,20,16,3,False,0,,Dwarka New Delhi,8,2,0,0
1093538243986026497,Prime Minister @narendramodi explained how the Congress was moving phone banking in the government into banks.,Thu Feb 07 15:53:28 +0000 2019,322,232,26,False,8,,‡§µ‡§æ‡§∞‡§æ‡§£‡§∏‡•Ä ‡§≠‡§æ‡§∞‡§§,11,1,0,0
1093532427106934785,Who is Our Next Prime Minister Of üáÆüá≥India. Please Select Your Choice Given below:-üó≥üó≥üó≥üó≥üó≥üó≥üó≥ üó≥üó≥üó≥,Thu Feb 07 15:30:22 +0000 2019,2518,244,65,False,0,,Patna India,7,0,0,0
1093529618928287744,"Genuine claims or ""mahamilawat"" speech? Here are the highlights of where he tears into the Congress, Gandhi family and other members of the opposition. @BJP4India @INCIndia @NarendraModi @RahulGandhi",Thu Feb 07 15:19:12 +0000 2019,83,403501,436791,False,10,,India,4,4,0,0
1093528208459395073,RT @lnglivemagic: Who will win @BJP4India ‚Ä¶,Thu Feb 07 15:13:36 +0000 2019,5935,8248,258,False,1,Who will win @BJP4India,India,6,2,0,0
1093527278363992064,"So, she appreciates a minister under Modi but not Modi? But unfortunately, there is no one in Congress to be appreciated too. Complete bankruptcy. Sonia knows BJP is coming back into the power with greater mandate &amp; competition is merely on papers but not on ground.",Thu Feb 07 15:09:54 +0000 2019,43343,25250,485,False,0,,Unknown,1,0,0,0
1093526470650032129,"RT @iarmy40: BJP Govt(Now) URI review 90% people say its good and voted a high figure of 4,40,000 Votesüëç Congress Govt (2004-2014) The acc‚Ä¶",Thu Feb 07 15:06:41 +0000 2019,16623,18386,2985,False,1,"BJP Govt(Now) URI review 90% people say its good and voted a high figure of 4,40,000 Votesüëç Congress Govt (2004-2014) The accidental prime minister review 71% only less people like it and votes are too low in count 47,000 Votesüëé",Unknown,0,1,0,0
1093526363439394816,"BJP Govt(Now) URI review 90% people say its good and voted a high figure of 4,40,000 Votesüëç Congress Govt (2004-2014) The accidental prime minister review 71% only less people like it and votes are too low in count 47,000 Votesüëé",Thu Feb 07 15:06:16 +0000 2019,16623,18386,2985,False,1,,Unknown,3,0,0,0
1093517291046748167,Odisha govt remote-controlled by @narendramodi : @RahulGandhi @INCIndia @BJP4India @priyankac19,Thu Feb 07 14:30:13 +0000 2019,12,787,62,False,0,,London England,12,5,0,1
1093508565367549952,For Congress: BC is for Before Congress. AD is for After Dynasty. @aajtak @ZeeNewsHindi,Thu Feb 07 13:55:33 +0000 2019,10237,1821,180,False,0,,Bhubaneshwar India,4,2,0,0
1093508564365307904,Who will win @BJP4India,Thu Feb 07 13:55:32 +0000 2019,5935,8248,258,False,1,,India,13,1,0,0
1093503259401220096,‚ÄúTo join wld be like committing suicide....!!!‚Äù Said Babasaheb Ambedkar PM @narendramodi at his very best in Where is that Joke who was challenging PM to stand for 5-mins in front of him... @BJP4India,Thu Feb 07 13:34:28 +0000 2019,1935,10295,279,False,0,,New Delhi,3,2,0,0
1093495677949071360,"For Congress, BC is Before Congress. AD is After Dynasty. || Mahagathbandhan is actually Maha Milawaat Sarkaar. The nation will reject such milawaat sarkar and will opt for Clean Sarkaar. || Some brilliant coinages by Modi in Lok Sabha.",Thu Feb 07 13:04:20 +0000 2019,1135,63,13,False,0,,India,3,0,0,0
1093484150760206336,"Very well spoken @M_Lekhi in Lok Sabha today... Factual, aggressive, clarity, full of josh... Takes @INCIndia head on... In the run up to she shd appear on TV on behalf of @BJP4India more often... @AmitShah",Thu Feb 07 12:18:32 +0000 2019,76,5901,5286,False,0,,New Delhi India,3,4,0,0
1093426246396997632,E-Paper For a detailed Version. Please log on to ‡§ø‡§≤‡§æ ‡•Å‡§®‡§æ‡§µ‡§Ü‡§Ø‡•ã‡§ó ‡§æ‡§ú‡§∏‡•ç‡§•‡§æ‡§® ‡•ç‡§™‡§∞‡•ç‡§ï ‡•Å‡§∞,Thu Feb 07 08:28:26 +0000 2019,3,459,20,False,0,,India,21,0,0,1
1093383817497260033,"CP @RahulGandhi, who famously walked up to PM in &amp; hugged him, advised his partymen never to use the word ‚Äò‚Äô against any political adversary. He instead asked his partymen to win over the with Love &amp; Affection, ‚Äúwhich is what the Congress stands for‚Äù",Thu Feb 07 05:39:50 +0000 2019,4151,4781,1126,False,9,,Guwahati India,4,1,0,0
1093150309340180481,RT @Netaajinews: Call Us For More Info.. ‚Ä¶,Wed Feb 06 14:11:58 +0000 2019,908,517,907,False,1,Call Us For More Info..,Baleswar                  ,7,1,0,0
1093147261071179776,"Not-So Good, Not-So Simple Tax @INC @RahulGandhi @PMO @Modi @priyankac19 @bjp4india",Wed Feb 06 13:59:51 +0000 2019,12,787,62,False,0,,London England,15,6,0,0
1093095722751127552,"BJP attacks Congress, alleges money laundering case for Priyanka Gandhi‚Äôs husband",Wed Feb 06 10:35:03 +0000 2019,77,4142,5730,False,0,,India,10,0,0,1
1093080178228629505,Call Us For More Info..,Wed Feb 06 09:33:17 +0000 2019,325,220,265,False,1,,Noida,13,0,0,0
1093052891563155458,@BJP4India one seat fix in Mumbai... thanks @sanjaynirupam for taking in congress to fight üòÇüòÇüòÇ,Wed Feb 06 07:44:51 +0000 2019,350,3523,245,False,0,,Mumbai... Dubai...,4,2,0,0
1093051900730126337,E-Paper For a detailed Version. Please log on to ‡§ø‡§≤‡§æ ‡•Å‡§®‡§æ‡§µ‡§Ü‡§Ø‡•ã‡§ó ‡§æ‡§ú‡§∏‡•ç‡§•‡§æ‡§® ‡•ç‡§™‡§∞‡•ç‡§ï ‡•Å‡§∞,Wed Feb 06 07:40:55 +0000 2019,3,459,20,False,0,,India,21,0,0,1
1092756557949853697,"Vaise joining may b of great help to .... She has the potential to lose 4-5 constituencies on her own... Majaa aayega... üòÇüòÇ Now,will wait to see what type of role she wld get in the party...",Tue Feb 05 12:07:20 +0000 2019,11330,14156,179,False,0,,India,4,0,0,0
1092696306374520833,E-Paper For a detailed Version. Please log on to ‡§ø‡§≤‡§æ ‡•Å‡§®‡§æ‡§µ‡§Ü‡§Ø‡•ã‡§ó ‡§æ‡§ú‡§∏‡•ç‡§•‡§æ‡§® ‡•ç‡§™‡§∞‡•ç‡§ï ‡•Å‡§∞,Tue Feb 05 08:07:55 +0000 2019,3,459,20,False,0,,India,21,0,0,1
1092629293559996416,BJP offering Rs 50 Cr to Congress Legislators: Siddaramaiah .,Tue Feb 05 03:41:38 +0000 2019,60,53169,1108,False,0,,Unknown,9,0,0,1
1092508991308029954,BJP offering Rs 50 Cr to Congress Legislators: Siddaramaiah,Mon Feb 04 19:43:36 +0000 2019,60,53169,1108,False,0,,Unknown,9,0,0,1
1092413774235987968,"RT @iarmy40: BJP Govt(Now) URI review 90% people say its good and voted a high figure of 4,12,493 Votesüëç Congress Govt (2004-2014) The acc‚Ä¶",Mon Feb 04 13:25:14 +0000 2019,16623,18386,2985,False,1,"BJP Govt(Now) URI review 90% people say its good and voted a high figure of 4,12,493 Votesüëç Congress Govt (2004-2014) The accidental prime minister review 71% only less people like it and votes are too low in count 47,000 Votesüëé",Unknown,0,1,0,0
1092413670187913218,"BJP Govt(Now) URI review 90% people say its good and voted a high figure of 4,12,493 Votesüëç Congress Govt (2004-2014) The accidental prime minister review 71% only less people like it and votes are too low in count 47,000 Votesüëé",Mon Feb 04 13:24:49 +0000 2019,16623,18386,2985,False,1,,Unknown,3,0,0,0
1092342929803206658,E-Paper For a detailed Version. Please log on to ‡§ø‡§≤‡§æ ‡•Å‡§®‡§æ‡§µ‡§Ü‡§Ø‡•ã‡§ó ‡§æ‡§ú‡§∏‡•ç‡§•‡§æ‡§® ‡•ç‡§™‡§∞‡•ç‡§ï ‡•Å‡§∞,Mon Feb 04 08:43:43 +0000 2019,3,459,20,False,0,,India,21,0,0,1
1092040821354962944,Bihar opposition leader on Sunday said that Congress leader was qualified to be the PM. The RJD leader reiterated that all like-minded parties should unite to defeat the BJP and its NDA in the upcoming polls,Sun Feb 03 12:43:15 +0000 2019,319,20097,57625,False,46,,New Delhi India,3,0,0,1
1091938504936808450,E-Paper For a detailed Version. Please log on to ‡§ø‡§≤‡§æ ‡•Å‡§®‡§æ‡§µ‡§Ü‡§Ø‡•ã‡§ó ‡§æ‡§ú‡§∏‡•ç‡§•‡§æ‡§® ‡•ç‡§™‡§∞‡•ç‡§ï ‡•Å‡§∞,Sun Feb 03 05:56:41 +0000 2019,3,459,20,False,0,,India,21,0,0,1
1091770431256883200,This thread Inside &amp; CPI(M) aka joined hand against PM Atal Bihari Vajpayee &amp; both slammed then started reading about crime of from a book Both : What is source? GF: Manifesto of CPI(M) for election,Sat Feb 02 18:48:49 +0000 2019,0,2516,167,False,0,,Unknown,7,0,0,1
1091672868163911680,Are enthused about the govt's announced in the ? @polls_fr_you @PollzOnTwitta @YourStancePolls @polls @PpollingNumbers,Sat Feb 02 12:21:08 +0000 2019,52572,23778,357,False,1,,India,13,5,0,0
1091615119438536705,E-Paper For a detailed Version. Please log on to ‡§ø‡§≤‡§æ ‡•Å‡§®‡§æ‡§µ‡§Ü‡§Ø‡•ã‡§ó ‡§æ‡§ú‡§∏‡•ç‡§•‡§æ‡§® ‡•ç‡§™‡§∞‡•ç‡§ï ‡•Å‡§∞,Sat Feb 02 08:31:40 +0000 2019,3,459,20,False,0,,India,21,0,0,1
1091286285849976832,"| Leader of in @MallikarjunINC termed the as 's "" manifesto"" and accused the ruling dispensation of bribing ahead of the",Fri Feb 01 10:45:00 +0000 2019,379,374701,3137678,False,1,,Unknown,8,1,0,1
1091248408868712453,E-Paper For a detailed Version. Please log on to ‡§ø‡§≤‡§æ ‡•Å‡§®‡§æ‡§µ‡§Ü‡§Ø‡•ã‡§ó ‡§æ‡§ú‡§∏‡•ç‡§•‡§æ‡§® ‡•ç‡§™‡§∞‡•ç‡§ï ‡•Å‡§∞,Fri Feb 01 08:14:29 +0000 2019,3,459,20,False,0,,India,21,0,0,1
1091222385607561217,I don't understand why people seating in opposition like in don't listen quietly and after completion give there reaction however they want... Country is watching @INCIndia @BJP4India,Fri Feb 01 06:31:05 +0000 2019,4770,1724,44,False,0,,Bharat (Hindustan),6,2,0,0
1090894828668256261,E-Paper For a detailed Version. Please log on to ‡§ø‡§≤‡§æ ‡•Å‡§®‡§æ‡§µ‡§Ü‡§Ø‡•ã‡§ó ‡§æ‡§ú‡§∏‡•ç‡§•‡§æ‡§® ‡•ç‡§™‡§∞‡•ç‡§ï ‡•Å‡§∞,Thu Jan 31 08:49:29 +0000 2019,3,459,20,False,0,,India,21,0,0,1
1090588167915298818,"Former Union Minister and leader, , submits his application for the Chandigarh seat for 2019 polls, at , Sector 35. @INCChandigarh @BJP4Chandigarh @pawanbansal_chd",Wed Jan 30 12:30:56 +0000 2019,426,78541,1765,False,0,,Delhi india,5,3,0,0
1090531343614779392,RT @Indianobserver_: E-Paper For a detailed Version. Please log on to ‚Ä¶,Wed Jan 30 08:45:08 +0000 2019,13,5384,216,False,1,E-Paper For a detailed Version. Please log on to ‡§ø‡§≤‡§æ ‡•Å‡§®‡§æ‡§µ‡§Ü‡§Ø‡•ã‡§ó ‡§æ‡§ú‡§∏‡•ç‡§•‡§æ‡§® ‡•ç‡§™‡§∞‡•ç‡§ï ‡•Å‡§∞,Mumbai India,5,1,0,1
1090529366709133312,E-Paper For a detailed Version. Please log on to ‡§ø‡§≤‡§æ ‡•Å‡§®‡§æ‡§µ‡§Ü‡§Ø‡•ã‡§ó ‡§æ‡§ú‡§∏‡•ç‡§•‡§æ‡§® ‡•ç‡§™‡§∞‡•ç‡§ï ‡•Å‡§∞,Wed Jan 30 08:37:16 +0000 2019,3,459,20,False,1,,India,21,0,0,1
1090475317964111873,"Who is the Big Brother in Maharashtra? With alliances and counter alliances still forming, the picture will be clearer closer to the elections? Picture abhi baaki hai!",Wed Jan 30 05:02:30 +0000 2019,9147,7015,3346,False,0,,Bengaluru India,8,0,0,0
1090289688957632512,Cong will target all seven Lok Sabha seats in Delhi: Dikshit @SheilaDikshit @INCDelhi @BJP4Delhi @AamAadmiParty,Tue Jan 29 16:44:53 +0000 2019,2013,157111,2571,False,0,,Hyderabad,3,4,0,1
1090242023301345284,"In what's seen as the launch of the -led 's election campaign in to the polls, President slammed both the and the for dividing the people. Photo: Congress",Tue Jan 29 13:35:28 +0000 2019,0,110115,15845,False,0,,New Delhi,8,0,0,0
1090217770740985856,Modi-govt asks for excess land in ahead of polls. Will this move help capture the Hindu vote bank? @BJP4India @INCIndia @RahulGandhi @asadowaisi @narendramodi,Tue Jan 29 11:59:06 +0000 2019,53,51026,7815,False,15,,BENGALURU,10,5,0,0
1090209553306726401,"report: The ""Damad ka ghotala"" (son-in-law's scam) jibes that the made against ahead of 2014 polls to target the are expected to get more shrill and intense in the coming days. Photo: IANS",Tue Jan 29 11:26:27 +0000 2019,0,110115,15845,False,3,,New Delhi,7,0,0,0
1090155921194475520,E-Paper For a detailed Version. Please log on to ‡§ø‡§≤‡§æ ‡•Å‡§®‡§æ‡§µ‡§Ü‡§Ø‡•ã‡§ó ‡§æ‡§ú‡§∏‡•ç‡§•‡§æ‡§® ‡•ç‡§™‡§∞‡•ç‡§ï ‡•Å‡§∞,Tue Jan 29 07:53:20 +0000 2019,3,459,20,False,0,,India,21,0,0,1
1093095722751127552,"BJP attacks Congress, alleges money laundering case for Priyanka Gandhi‚Äôs husband",Wed Feb 06 10:35:03 +0000 2019,77,4142,5730,False,0,,India,10,0,0,1
1090975867554185219,Ramgarh bypoll much needed win to Congress: Gehlot @ashokgehlot51 @RajCMO @INCRajasthan @BJP4Rajasthan,Thu Jan 31 14:11:30 +0000 2019,2013,157111,2571,False,0,,Hyderabad,4,4,0,1
1090505803642085376,Campaign Highlights: Rahul Gandhi Says Narendra Modi Broke India's Economic Spine.,Wed Jan 30 07:03:38 +0000 2019,1593,12614,2734,False,0,,India,7,0,0,1
1090209553306726401,"report: The ""Damad ka ghotala"" (son-in-law's scam) jibes that the made against ahead of 2014 polls to target the are expected to get more shrill and intense in the coming days. Photo: IANS",Tue Jan 29 11:26:27 +0000 2019,0,110115,15845,False,3,,New Delhi,7,0,0,0
1090070436291928064,"RT @indiatvnews: : 2019 ‡§ï‡•á ‡§π‡§∏‡•Ä‡§® ‡§∏‡§™‡§®‡•á!! Watch Debate Live @indiatvnews with BJP Spokesperson @ShahnawazBJP, Congress Spo‚Ä¶",Tue Jan 29 02:13:39 +0000 2019,28082,27126,243,False,5,": 2019 ‡§ï‡•á ‡§π‡§∏‡•Ä‡§® ‡§∏‡§™‡§®‡•á!! Watch Debate Live @indiatvnews with BJP Spokesperson @ShahnawazBJP, Congress Spokesperson Abhay dubey, SP Spokesperson @juhiesingh and Senior Journalist @23pradeepsingh 4PM with @IMinakshiJoshi LIVE TV:",Unknown,1,3,0,0
1093561753579880448,Bro... Any updates inregarding to Tirupur ? Which parties likely to be contest ? DMK VS ADMK? BJP VS CONGRESS? @V_SathyaBama @VanathiBJP,Thu Feb 07 17:26:54 +0000 2019,3662,3496,277,False,0,,Kongu Nadu.,1,2,0,0
1093550638250803203,: Will Priyanka Gandhi contest Lok Sabha polls from against PM Narendra Modi ?,Thu Feb 07 16:42:44 +0000 2019,1363,2992,236,False,0,,Pune India.,7,0,0,0
1093534399390511105,underlines his anger and hate about style politics. He was tortured for 10 years and he's giving it back to queen and over grown infant. now. I hope @BJP4India gets 325+ seats in and gets 5,Thu Feb 07 15:38:12 +0000 2019,5223,4415,65,False,1,,Unknown,6,1,0,0
1093532427106934785,Who is Our Next Prime Minister Of üáÆüá≥India. Please Select Your Choice Given below:-üó≥üó≥üó≥üó≥üó≥üó≥üó≥ üó≥üó≥üó≥,Thu Feb 07 15:30:22 +0000 2019,2518,244,65,False,0,,Patna India,7,0,0,0
1093528208459395073,RT @lnglivemagic: Who will win @BJP4India ‚Ä¶,Thu Feb 07 15:13:36 +0000 2019,5935,8248,258,False,1,Who will win @BJP4India,India,6,2,0,0
1093527231425523718,"This country belongs to all. Duties of PM is to bring every one together, not to devide. assured will win 2019 general election by defeating the BJP and divisive forces.",Thu Feb 07 15:09:43 +0000 2019,64,52,167,False,0,,‡§≠‡§æ‡§∞‡§§ india,6,0,0,0
1093508564365307904,Who will win @BJP4India,Thu Feb 07 13:55:32 +0000 2019,5935,8248,258,False,1,,India,13,1,0,0
1093484150760206336,"Very well spoken @M_Lekhi in Lok Sabha today... Factual, aggressive, clarity, full of josh... Takes @INCIndia head on... In the run up to she shd appear on TV on behalf of @BJP4India more often... @AmitShah",Thu Feb 07 12:18:32 +0000 2019,76,5901,5287,False,0,,New Delhi India,3,4,0,0
1093432170348249088,"Triple Talaq Law Will be Abolished If We Come To Power in 2019, Says Congress @AIMCSandesh @sushmitadevmp @BJPMahilaMorcha",Thu Feb 07 08:51:59 +0000 2019,45,40840,23524,False,0,,Mumbai India,5,3,0,1
1093157456967069697,ma ko vote da taka aap logo ka vote waste na jya. Becoz will doesn't make a difference. And will change but for the worse.,Wed Feb 06 14:40:22 +0000 2019,368,199,8,False,0,,New Delhi India,7,0,0,0
1093150309340180481,RT @Netaajinews: Call Us For More Info.. ‚Ä¶,Wed Feb 06 14:11:58 +0000 2019,934,538,907,False,1,Call Us For More Info..,Baleswar                  ,7,1,0,0
1093095722751127552,"BJP attacks Congress, alleges money laundering case for Priyanka Gandhi‚Äôs husband",Wed Feb 06 10:35:03 +0000 2019,77,4142,5730,False,0,,India,10,0,0,1
1093080178228629505,Call Us For More Info..,Wed Feb 06 09:33:17 +0000 2019,325,220,265,False,1,,Noida,13,0,0,0
1093026108256202753,Video: Rahul Gandhi Interacts With Students At A Restaurant in Delhi; Is This Congress Answer to PM Modi's Ahead of Polls? @INCIndia @RahulGandhi @BJP4India,Wed Feb 06 05:58:26 +0000 2019,45,40840,23524,False,0,,Mumbai India,7,3,0,1
1092838247477039104,who is honest patriot?,Tue Feb 05 17:31:56 +0000 2019,82,38,17,False,0,,New Delhi India,13,0,0,0
1092822832222920704,Prediction on &amp; about performance of @BJP4India @BJPLive @arivalayam @news7tamil @thatsTamil @abpnewstv @Malayla_Manoram,Tue Feb 05 16:30:41 +0000 2019,430,847,303,False,0,,Mumbai,9,7,0,1
1092748620292476928,RT @aman_diol: Hmmm....So you are saying Congress will lose Amethi. And BJP = 49 seats. Saved. . ‚Ä¶,Tue Feb 05 11:35:48 +0000 2019,141349,37281,434,False,2,Hmmm....So you are saying Congress will lose Amethi. And BJP = 49 seats. Saved. . .,Unknown,1,1,0,0
1092698739398111233,Hmmm....So you are saying Congress will lose Amethi. And BJP = 49 seats. Saved. . .,Tue Feb 05 08:17:35 +0000 2019,29350,9064,1112,False,2,,Unknown,2,0,0,1
1092694021267320833,"The only news which are like compulsory in the newspaper these days are - , , . üôÑ Just so thing!",Tue Feb 05 07:58:50 +0000 2019,47,1541,79,False,0,,New Delhi India,4,0,0,0
1092435795837898754,": Opposition Leaders Meet , Demand Counting of 50% of Slips",Mon Feb 04 14:52:44 +0000 2019,45,40840,23524,False,0,,Mumbai India,10,0,0,1
1092434008107962368,Congress Pakistan Party Congress Muslim Party @nitin_gadkari @rajnathsingh @HMOIndia @SushmaSwaraj @PiyushGoyal @adgpi @BJP4India @nsitharaman @narendramodi @PMOIndia @RSSorg @AmitShah,Mon Feb 04 14:45:38 +0000 2019,16623,18386,2985,False,1,,Unknown,8,12,0,0
1092430954822598656,"RT @iarmy40: Govt(Now) URI review 90% people say its good and voted a high figure of 4,12,493 Votesüëç Congress Govt (2004-2014) The ac‚Ä¶",Mon Feb 04 14:33:30 +0000 2019,39606,7345,648,False,2,"Govt(Now) URI review 90% people say its good and voted a high figure of 4,12,493 Votesüëç Congress Govt (2004-2014) The accidental prime minister review 71% only less people like it and votes are too low in count 47,000 Votesüëé @BJP4India @BJP4UP",‡§®‡§à ‡§¶‡§ø‡§≤‡•ç‡§≤‡•Ä  ‡§≤‡§ñ‡§®‡§ä ‡§≠‡§æ‡§∞‡§§  ‡§ó‡•ã‡§µ‡§æ ,1,1,0,0
1092413941429370880,"Govt(Now) URI review 90% people say its good and voted a high figure of 4,12,493 Votesüëç Congress Govt (2004-2014) The accidental prime minister review 71% only less people like it and votes are too low in count 47,000 Votesüëé @BJP4India @BJP4UP",Mon Feb 04 13:25:54 +0000 2019,16623,18386,2985,False,2,,Unknown,2,2,0,0
1092308348395876352,"RT @TheMornStandard: ""Congress cannot beat BJP in Delhi. Only AAP can defeat BJP in Delhi,"" Delhi CM @ArvindKejriwal said. ‚Ä¶",Mon Feb 04 06:26:19 +0000 2019,1762,34359,181,False,5,"""Congress cannot beat BJP in Delhi. Only AAP can defeat BJP in Delhi,"" Delhi CM @ArvindKejriwal said. Read all the Morning Standard stories here:",allahabad,0,2,0,0
1092298206728413189,"""Congress cannot beat BJP in Delhi. Only AAP can defeat BJP in Delhi,"" Delhi CM @ArvindKejriwal said. Read all the Morning Standard stories here:",Mon Feb 04 05:46:01 +0000 2019,0,272,283,False,5,,New Delhi India,1,1,0,2
1092045035103756295,says the BSP and Samajwadi Party opposition unity against the BJP in the coming is a ‚Äúwork in progress‚Äù but feels that the Congress should have been included in the alliance in,Sun Feb 03 13:00:00 +0000 2019,319,20097,57629,False,16,,New Delhi India,3,0,0,1
1092030454234902531,I mean... Really... No qualifications except that she is a Gandhi &amp; d media hs gone into a tizzy... @aroonpurie @rajchengappa @IndiaToday @INCIndia @BJP4India @dhume,Sun Feb 03 12:02:03 +0000 2019,76,5901,5287,False,0,,New Delhi India,3,6,0,1
1092029014074671108,"Prime Minister kickstarted the 's campaign in , dubbing as ""hollow"" the pledge to waive ' debts if it takes power.",Sun Feb 03 11:56:20 +0000 2019,26,36275,417,False,0,,Jammu Jammu And Kashmir,6,0,0,0
1092004326476836865,"Prime Minister kickstarted the 's campaign in , dubbing as ""hollow"" the pledge to waive ' debts if it takes power. Photo: Narendra Modi",Sun Feb 03 10:18:14 +0000 2019,0,110115,15846,False,2,,New Delhi,6,0,0,0
1091956812927053824,"Former Union Min says the &amp; opposition unity against the in the coming is a ""work in progress"" but feels that the two parties should have included in the alliance in UP that would have ""finished the game"".",Sun Feb 03 07:09:26 +0000 2019,0,110115,15846,False,0,,New Delhi,6,0,0,0
1091949676545409024,Congress to contest all seven Lok Sabha seats in Delhi: Sheila Dikshit ‡§æ‡§ì_‡§¶‡•á‡§∂_‡§¨‡§ö‡§æ‡§ì,Sun Feb 03 06:41:04 +0000 2019,738,9735,2280,False,1,,Unknown,12,0,0,1
1091782321890643968,": BJP won‚Äôt get 15 seats in Uttar Pradesh in 2019 Lok Sabha elections, says @KapilSibal",Sat Feb 02 19:36:04 +0000 2019,63,14586,21,False,0,,Unknown,10,1,0,1
1091782187584753669,": BJP won‚Äôt get 15 seats in Uttar Pradesh in 2019 Lok Sabha elections, says @KapilSibal",Sat Feb 02 19:35:32 +0000 2019,37510,21559,11537,False,9,,New Delhi India,8,1,0,1
1091700536112336896,"JD(U) Bihar Leader Rishi Mishra Quits Party, Joins Congress He said that it had become ‚Äúdifficult‚Äù for him to remain in an alliance which included the BJP.",Sat Feb 02 14:11:05 +0000 2019,1295,7258,14415,False,1,,PUNE INDIA,5,0,0,0
1091652705691623424,"| Ruling JDU MLC &amp; former MLA Rishi Mishra resigns from party and joins . ""I was feeling suffocated in JDU ever since it re-allied with BJP,"" says Mishra, a grandson of late Congress leader Lalit Narayan Mishra. @NewIndianXpress",Sat Feb 02 11:01:01 +0000 2019,11785,5588,620,False,1,,Unknown,3,1,0,0
1091623897445744640,": BJP won‚Äôt get 15 seats in Uttar Pradesh in 2019 Lok Sabha elections, says @KapilSibal",Sat Feb 02 09:06:33 +0000 2019,3910,242811,4296,False,0,,New Delhi Delhi,10,1,0,1
1091618053597495296,: 6-7 seats. : 5-6. :1.,Sat Feb 02 08:43:19 +0000 2019,1295,7258,14415,False,0,,PUNE INDIA,6,0,0,0
1091590117272240133,"Agree, just take 2 seats out from AIUDF and add to Congress tally in . AIUDF's voters switching to Congress. So Congress = 6-7 seats. BJP = 5-6. AIUDF =1.",Sat Feb 02 06:52:19 +0000 2019,29350,9064,1112,False,2,,Unknown,2,0,0,1
1091569288870211586,RT @CTRavi_BJP: CONgress MP Shashi Tharoor accused of murdering his wife is giving clear indication that his Party will incite Communal Vio‚Ä¶,Sat Feb 02 05:29:33 +0000 2019,11176,2574,99,False,61,"CONgress MP Shashi Tharoor accused of murdering his wife is giving clear indication that his Party will incite Communal Violence before . It is a known fact that behind every communal disturbance in the Country, the cruel hand of CONgress is always present.",Hukkeri,0,1,0,0
1091281342011183105,RT @RanbirKapoor_4u: Whom will you vote for the next LokSabha election?,Fri Feb 01 10:25:21 +0000 2019,4716,1956,417,False,1,Whom will you vote for the next LokSabha election?,mu,5,0,0,0
1091265802769035264,"Leader of Congress in Lok Sabha on Friday termed the as @BJP4India's ""election manifesto"" and accused the ruling dispensation of bribing voters ahead of the .",Fri Feb 01 09:23:36 +0000 2019,604,150808,27069,False,0,,India,3,1,0,1
1091042577397239809,Whom will you vote for the next LokSabha election?,Thu Jan 31 18:36:35 +0000 2019,4716,1956,417,False,1,,mu,5,0,0,0
1090996423909228544,RT @waglenikhil: From today‚Äôs surveys one thing is clear: Modi(BJP)cannot form government on his own.If Congress and opposition parties com‚Ä¶,Thu Jan 31 15:33:11 +0000 2019,535,316,2,False,143,From today‚Äôs surveys one thing is clear: Modi(BJP)cannot form government on his own.If Congress and opposition parties come together swiftly and deliver last blow they can cross majority mark.,Unknown,0,1,0,0
1090919797037109248,"Just ahead of , BJP wins Prestige fight in . Congress heavyweight @rssurjewala lost by massive margin . Massive set back for Congress. read Story &gt;&gt;",Thu Jan 31 10:28:42 +0000 2019,2,75,4,False,0,,India,2,1,0,1
1090917968102461440,": of Wins Jind Bye-Election WIth Over 12,000 Votes @BJP4India",Thu Jan 31 10:21:26 +0000 2019,45,40840,23524,False,0,,Mumbai India,10,1,0,1
1090912120164765696,in and shows that there will be nail biting fight between and (@narendramodi) in,Thu Jan 31 09:58:12 +0000 2019,368,199,8,False,0,,New Delhi India,6,1,0,0
1090707263436787712,Same @BJP4India which promised Anna Hazare when Congress was in power.,Wed Jan 30 20:24:10 +0000 2019,537,2096,602,False,0,,Maharastra INDIA,1,1,0,1
1090698191601717248,": Advantage BJP in Lok Sabha 2019 polls, Congress might get a boost",Wed Jan 30 19:48:07 +0000 2019,16,261,3,False,0,,India,4,0,0,1
1090655192184442882,Lok Sabha polls: US intelligence report warns of communal violence if BJP stresses Hindu nationalism via @scroll_in ‡•ã‡§°‡§∏‡•á_‡§Æ‡•Å‡§∞‡•ç‡§¶‡§æ‡§¨‡§æ‡§¶,Wed Jan 30 16:57:15 +0000 2019,841,837,232,False,0,,karnal India,9,1,0,1
1090600548116692992,Congress may only end up helping the BJP at the expense of SP-BSP-RLD alliance by dividing the Muslim votes and gaining no prominent Brahmin support. My take in @IndiaPressAgen1,Wed Jan 30 13:20:07 +0000 2019,1094,1383,60,False,0,,Tripura India,2,1,0,1
1090577911889973249,aapka Gas niklega aur Hawa bhi after becoz it will be @BJP4India @BJP4Karnataka,Wed Jan 30 11:50:10 +0000 2019,30859,4084,1114,False,0,,Bengaluru India,4,2,0,1
1090569621948825606,"The recent report that anticipates Communal Violence Risk if BJP comes to power again. Please check and participate in our other polls. For instant polls on trends of India, follow this handle.",Wed Jan 30 11:17:14 +0000 2019,2,26,6,False,0,,India,7,0,0,0
1090518642301661184,"@republic What's outrageous Congress has used profanities for The PM &amp; have not even spared to talk nonsense during their interactions, abroad",Wed Jan 30 07:54:39 +0000 2019,429,1591,18,False,0,,India,7,1,0,0
1090517669277687809,"It is time we stood up &amp; reclaim our country from the clutches of the tyrannical, corporate serving, anti-people Modi led BJP Government. This people of India will",Wed Jan 30 07:50:47 +0000 2019,7547,63929,7279,False,1,,India,4,0,0,0
1090499871050792960,"The BJP's victory could depend on the Congress party‚Äôs ability to polarise the Muslim vote by invoking its favourite weapon, 'secularism‚Äô. My take in @DailyO_",Wed Jan 30 06:40:04 +0000 2019,1094,1383,60,False,0,,Tripura India,3,1,0,1
1090494145288781824,"It is better for Tamil Nadu political parties to contest individually without central parties like &amp; . Whenever disaster comes, No north Indian politcal leaders helping &amp; not visiting TN during disaster",Wed Jan 30 06:17:19 +0000 2019,576,323839,2283,False,1,,India,8,0,0,0
1090481147077832704,"In Delhi, only two-way fight between AAP &amp; Congress, in which AAP to eventually win all 7 seats, BJP to lose securities on all 7seats! @ArvindKejriwal @AamAadmiParty @RahulGandhi Rahat Fateh Ali Khan Rajghat",Wed Jan 30 05:25:40 +0000 2019,103,39622,542,False,0,,New Delhi,3,3,0,1
1090478970934620160,"Continues to Attack , UP MLA Calls Her '' and '' @INCIndia",Wed Jan 30 05:17:01 +0000 2019,45,40840,23524,False,1,,Mumbai India,10,1,0,1
1090475317964111873,"Who is the Big Brother in Maharashtra? With alliances and counter alliances still forming, the picture will be clearer closer to the elections? Picture abhi baaki hai!",Wed Jan 30 05:02:30 +0000 2019,9147,7015,3340,False,0,,Bengaluru India,8,0,0,0
1090227390851117056,"@vikramchandra @TheJaggi @TVMohandasPai @RahulGandhi In case of stooges like you, you will only create a hype of congress' false illusions. Check out the of Rs25 in MP",Tue Jan 29 12:37:20 +0000 2019,429,1591,18,False,0,,India,9,4,0,0
1090178928159932417,"Lok Sabha Elections 2019: Congress Leader Priyanka Gandhi to Login Into Facebook, Twitter Accounts Soon ?? @INCIndia @BJP4India",Tue Jan 29 09:24:45 +0000 2019,45,40840,23524,False,1,,Mumbai India,2,2,0,1
1090088487108276224,RT @the_sk23: @ashokgehlot51 Mana ki chaukidar chor h but youth ko batkane wali Congress mahachor h. BJP regime ki vacancies pr hold lgake‚Ä¶,Tue Jan 29 03:25:22 +0000 2019,126,373,6,False,1,@ashokgehlot51 Mana ki chaukidar chor h but youth ko batkane wali Congress mahachor h. BJP regime ki vacancies pr hold lgake me apna hi nuksan kr rhe ho. we want result otherwise be ready to result.,Unknown,0,2,0,0
1090079631787454464,@ashokgehlot51 Mana ki chaukidar chor h but youth ko batkane wali Congress mahachor h. BJP regime ki vacancies pr hold lgake me apna hi nuksan kr rhe ho. we want result otherwise be ready to result.,Tue Jan 29 02:50:11 +0000 2019,126,373,6,False,1,,Unknown,2,1,0,0
1093601003742658561,Why did Indian people voted out in 2014. should answer this. He should stop making tall claims &amp; allegations.,Thu Feb 07 20:02:52 +0000 2019,187,378,89,False,0,,Unknown,4,0,0,0
1093528208459395073,RT @lnglivemagic: Who will win @BJP4India ‚Ä¶,Thu Feb 07 15:13:36 +0000 2019,5935,8248,258,False,1,Who will win @BJP4India,India,6,2,0,0
1093508564365307904,Who will win @BJP4India,Thu Feb 07 13:55:32 +0000 2019,5935,8248,258,False,1,,India,13,1,0,0
1093503207467245568,"By exposing misdeeds &amp; Misgovernance of Congress, @BJP4India @BJPLive @BJPMahilaMorcha @BJYM have great opportunity to take Bharat by storm for landslide victory ‡•ã‡§¶‡•Ä_‡§∏‡§∞‡§ï‡§æ‡§∞_‡§´‡§ø‡§∞_‡§∏‡•á ‡§æ‡§ó‡§†‡§¨‡§Ç‡§ß‡§® ‡•á‡§∞‡§æ_‡§µ‡•ã‡§ü_BJP_‡§ï‡•ã",Thu Feb 07 13:34:15 +0000 2019,60,34992,3446,False,0,,Worldwide,7,4,0,1
1093497867858104321,RT @scroll_in: Most analysts think that fighting the together is the only way Congress and AAP can stop the BJP. But some ot‚Ä¶,Thu Feb 07 13:13:02 +0000 2019,43589,38341,256,False,1,Most analysts think that fighting the together is the only way Congress and AAP can stop the BJP. But some others differ. We look at the data: | @VijaytaL,Aizawl India,1,1,0,0
1093494587685953541,Most analysts think that fighting the together is the only way Congress and AAP can stop the BJP. But some others differ. We look at the data: | @VijaytaL,Thu Feb 07 13:00:00 +0000 2019,158,223314,212940,False,1,,Unknown,1,1,0,1
1093464165384114176,"Now is the time for @BJP4India @narendramodi and @myogiadityanath to go on full throttle hindu offense. No more playing defense. Or those slimy congress liars will arrest the narrative, cut into vites and do NOTHING for hindus",Thu Feb 07 10:59:07 +0000 2019,536,4158,732,False,2,,England UK,1,3,0,0
1093441626616127488,Eagerly waiting for this...,Thu Feb 07 09:29:33 +0000 2019,862,1036,95,False,0,,India,3,0,0,0
1093439263645982722,"In states like Gujarat, where @INCIndia is in direct fight with BJP, Congress is ignoring . But, in state like Uttar Pradesh, where, there is multi-party contest, Congress want Muslims to win the election.",Thu Feb 07 09:20:10 +0000 2019,526,2189,309,False,0,,New Delhi Delhi,3,1,0,0
1093436272297660416,"""I challenge the @BJP4India, let PM @NarendraModi ji debate with me for 10 minutes on stage. He is scared, he is a 'darpok' person,"" said Congress President @RahulGandhi sounding the bugle for .",Thu Feb 07 09:08:17 +0000 2019,763,194941,640754,False,3,,Mumbai,1,3,0,0
1093415179021242368,Nearly 80 pc of Ujjwala Yojana beneficiaries have come back for second refill: Dharmendra Pradhan,Thu Feb 07 07:44:28 +0000 2019,80,93,15,False,1,,Unknown,7,0,0,1
1093397511316750336,@RahulGandhi @_PriyankaG @CMMadhyaPradesh Where is the difference - for ? ‡§æ‡§ì_‡§¶‡•á‡§∂_‡§¨‡§ö‡§æ‡§ì,Thu Feb 07 06:34:15 +0000 2019,1758,2530,189,False,0,,Unknown,16,3,0,0
1093385795015077888,Cutting fund to combact delhi pollution is a sign that there are more in party than air even if did not oppose it ‡§æ‡§ì_‡§¶‡•á‡§∂_‡§¨‡§ö‡§æ‡§ì,Thu Feb 07 05:47:42 +0000 2019,5,219,2,False,0,,Unknown,6,0,0,0
1093385185482047489,In countey where politician does more advertisement of there achievement ( which is there duty) than filmstar does for his film its hard to believe still exist ‡§æ‡§ì_‡§¶‡•á‡§∂_‡§¨‡§ö‡§æ‡§ì,Thu Feb 07 05:45:16 +0000 2019,5,219,2,False,0,,Unknown,5,0,0,0
1093384438400966657,Indian strike on delhi and shameless media reluctant to cover it. Shame on media and same on democracy. I hope 80 % of media channel last cover yuva right years back,Thu Feb 07 05:42:18 +0000 2019,5,219,2,False,0,,Unknown,5,0,0,0
1093360348818821122,is not only going to use against in but is also key to win 2019. BJP govt. is in trouble either they take action against or not because of political benefits for Congress üòï. @_PriyankaG @BJP4India @INCIndia,Thu Feb 07 04:06:35 +0000 2019,163,1425,142,False,2,,Delhi,6,3,0,0
1093340064908750848,Would a Congress-AAP alliance in Delhi actually help the BJP? | @VijaytaL,Thu Feb 07 02:45:59 +0000 2019,158,223314,212940,False,0,,Unknown,1,1,0,1
1093150309340180481,RT @Netaajinews: Call Us For More Info.. ‚Ä¶,Wed Feb 06 14:11:58 +0000 2019,935,538,905,False,1,Call Us For More Info..,Baleswar                  ,7,1,0,0
1093150251463122945,Does democracy means holding elections in {India} and post it all seems like an authoritarian rule @ShashiTharoor @INCIndia @RahulGandhi @narendramodi @BJP4India,Wed Feb 06 14:11:44 +0000 2019,113,88,23,False,0,,Aligarh India,3,5,0,0
1093095722751127552,"BJP attacks Congress, alleges money laundering case for Priyanka Gandhi‚Äôs husband",Wed Feb 06 10:35:03 +0000 2019,77,4160,5713,False,0,,India,10,0,0,1
1093080178228629505,Call Us For More Info..,Wed Feb 06 09:33:17 +0000 2019,325,221,265,False,1,,Noida,13,0,0,0
1093069714828472320,RT @prernaarora824: BJP sleeps and wakes up only when it smells votes. ‚Ä¶,Wed Feb 06 08:51:42 +0000 2019,9666,10608,110,False,18,BJP sleeps and wakes up only when it smells votes. Could save thousands of families from ruin,gurugram,3,1,0,0
1093062276679114753,Who will win @BJP4India,Wed Feb 06 08:22:09 +0000 2019,5935,8248,258,False,2,,India,8,1,0,0
1093040323494703105,: BJP is *bold* : Congress is in *italics*,Wed Feb 06 06:54:55 +0000 2019,1074,1153,496,False,0,,Chennai,3,0,0,0
1093014458027302912,"As invokes NSA for cow slaughter in MP (), replugging my piece last month on how Congress (Cow+) and (Dole+) are mimicking each other to inch closer to the new median in Indian politics in the run up to",Wed Feb 06 05:12:08 +0000 2019,2100,6140,1914,False,0,,New Delhi India,3,0,0,2
1093013852814483461,RT @MistSunny: hope keeps 2 national parties Congress &amp; BJP standing out of parliament as punishment‚Ä¶,Wed Feb 06 05:09:44 +0000 2019,906,17393,462,False,1,hope keeps 2 national parties Congress &amp; BJP standing out of parliament as punishment for hoodwinking us No more Sops &amp; Doles! We want work delivered overhaul @shekharkahin @srinivasanravi @ncbn @yogrishiramdev,Unknown,3,1,0,0
1093011111673298944,hope keeps 2 national parties Congress &amp; BJP standing out of parliament as punishment for hoodwinking us No more Sops &amp; Doles! We want work delivered overhaul @shekharkahin @srinivasanravi @ncbn @yogrishiramdev,Wed Feb 06 04:58:50 +0000 2019,14427,11478,87,False,1,,India,5,4,0,0
1093005577821667335,"Contemporary India &gt; Aha! After weeks I find a refreshingly neutral ( neutral) thinker on @TheHinduComment . Me thinks must act on it. Rahul's abilities not important, but that many willing to join under Congress banner.",Wed Feb 06 04:36:51 +0000 2019,1863,1663,64,False,0,,Chennai India,3,1,0,1
1092977321894539264,data are not authenticate. has to release its own data. There int organisation blaming govt wothout any reason,Wed Feb 06 02:44:34 +0000 2019,5,219,2,False,0,,Unknown,6,0,0,1
1092842380858781696,Give me an alternative to who is as competent as him and I would think of voting for Congress!,Tue Feb 05 17:48:22 +0000 2019,0,400,1732,False,0,,Mumbai | Singapore,6,0,0,0
1092826685194395648,RT @KyaHua13Vaada: Same was used in J&amp;K with BJP fighting PDP and via versa and NC and Congress were put out of focus and the‚Ä¶,Tue Feb 05 16:46:00 +0000 2019,140158,193009,871,False,3,"Same was used in J&amp;K with BJP fighting PDP and via versa and NC and Congress were put out of focus and then after elections, BJP joined hands with PDP.",Delhi India,1,1,0,0
1092813570168029185,"Same was used in J&amp;K with BJP fighting PDP and via versa and NC and Congress were put out of focus and then after elections, BJP joined hands with PDP.",Tue Feb 05 15:53:53 +0000 2019,9708,12587,85,False,3,,Unknown,3,0,0,0
1092763293511499776,Please don‚Äôt make mistake this time by giving tickets to tv stars or movie stars or players . Country need sincere leaders not these part time money puppets .@RahulGandhi @INCIndia @JM_Scindia @IYC ‡§æ‡§ì_‡§¶‡•á‡§∂_‡§¨‡§ö‡§æ‡§ì,Tue Feb 05 12:34:06 +0000 2019,24861,16111,422,False,0,,Earth,5,4,0,0
1092749575499202560,Can anyone please explain this term ‚Äú ‚Äù What exactly is wrong in selling Pakodas? Is MDH ‚Äúmasalawala politics?,Tue Feb 05 11:39:35 +0000 2019,189,316,108,False,0,,Bengaluru India,5,0,0,0
1092738454507536389,@IndiaToday @Supriya23bh As per Hindu custom after marriage her name should be PRIYANKA VADRA why it is Priyanka..Gandhi..Vadra @BJP4India @INCIndia @_pallavighosh @rahulkanwal,Tue Feb 05 10:55:24 +0000 2019,1281,1698,37,False,0,,Unknown,4,6,0,0
1092707003036626944,admires s guts for questioning government claims.,Tue Feb 05 08:50:25 +0000 2019,95,597,159,False,0,,Unknown,12,0,0,0
1092648338732785665,UP CM Yogi to hold a rally at West Bengal Border against Mamata,Tue Feb 05 04:57:19 +0000 2019,19,956,25,False,0,,Uttar Pradesh India,7,0,0,1
1092637160837140482,RT @prernaarora824: BJP must rise to occasion and solve Jaypee Wish Town issue,Tue Feb 05 04:12:54 +0000 2019,1371,2267,146,False,15,BJP must rise to occasion and solve Jaypee Wish Town issue,Gurgaon India,4,1,0,0
1092433611691765760,And there comes BJP's consciousness level who never misses a single chance to hit bull's-eye.,Mon Feb 04 14:44:04 +0000 2019,17154,1034,311,False,0,,Ahmadabad City India,3,0,0,1
1092416690145513473,"12. Is BJP in 2019 any less Arrogant, Disconnected, Failed, Misleading, Fudging the Data Exploitative, Anti Federal, Vendetta Politics Than Congress Has been in 2014 for which India Punished Hard",Mon Feb 04 13:36:49 +0000 2019,37022,93170,6040,False,1,,from Telangana in Tokyo Japan,2,0,0,0
1092071525656809472,New video up | A Cute Bhakt Disorder Kamal has a deadly disease. The only question is that ?,Sun Feb 03 14:45:16 +0000 2019,29,39,10,False,2,,Pune India,12,0,0,1
1092062571853692929,BJP must rise to occasion and solve Jaypee Wish Town issue,Sun Feb 03 14:09:41 +0000 2019,7,483,12,False,15,,New Delhi India,4,0,0,0
1092057394929156096,"Definitely the Modi brand has lost some of its sheen. Rahul Gandhi, as a brand, has come of age. Leaders win games and Rahul still has a lot of ground to cover",Sun Feb 03 13:49:07 +0000 2019,90,126,110,False,0,,New Delhi India,3,0,0,0
1092026566505320448,See what is promise by @RahulGandhi. See my views on it and share urs too @INCIndia @IYC @nsui is ready to face @SachinPilot @JaiveerShergill @sherryontopp,Sun Feb 03 11:46:36 +0000 2019,73417,17642,411,False,0,,Meerut India nd noida ,8,7,0,1
1092019010827251717,"Poll bugle: A day after Congress rally in Pataudi, CM @mlkhattar to flag off Sankalp Yatra at PWD rest house, Gurugram Monday morning. @bhupinderbjpggn says yatra is aimed at preparing party's manifesto for .",Sun Feb 03 11:16:35 +0000 2019,1,22,19,False,0,,Gurugram ,1,2,0,0
1091997254049660929,RT @fightwin498a: Who *should* be our Next PM? (Reply is must),Sun Feb 03 09:50:08 +0000 2019,15,2929,30,False,1,Who *should* be our Next PM? (Reply is must),Ramanagaram India,4,1,0,0
1091931951295025152,"Dear friends supporting @WestBengalBJP, don't get fooled by jumlas of . If , being a cofounder of , can wash his dirty hands by joining , then others can do the same.",Sun Feb 03 05:30:38 +0000 2019,252,964,275,False,0,,Digha Mumbai San Francisco,6,1,0,0
1091924819195527168,@dhume BJP brought fiscal deficit and inflation down. Improved tax/GDP ratio. Treasury is full. Congress is salivating. It‚Äôs better to retain power by loosening purse strings in election year than looters gain control.,Sun Feb 03 05:02:18 +0000 2019,1324,2707,174,False,0,,‡§≠‡§æ‡§∞‡§§,2,1,0,0
1091895533629628416,To all nri‚Äôs. Which govt you prefer in india in,Sun Feb 03 03:05:56 +0000 2019,2058,3770,191,False,0,,Unknown,4,0,0,0
1091747397019922438,RT @gandhi_pv: What no Media and Journo's won't tell you Non-Congress and Non-BJP Parties have been Greater than 200 for 33‚Ä¶,Sat Feb 02 17:17:17 +0000 2019,1218,164,10,False,3,What no Media and Journo's won't tell you Non-Congress and Non-BJP Parties have been Greater than 200 for 33 years now Time they Adopt and Empower States and Decentralize Power and Bring Govt closer to People has Simple &amp; Effective Ideas,Unknown,1,1,0,0
1091664148151193600,What no Media and Journo's won't tell you Non-Congress and Non-BJP Parties have been Greater than 200 for 33 years now Time they Adopt and Empower States and Decentralize Power and Bring Govt closer to People has Simple &amp; Effective Ideas,Sat Feb 02 11:46:29 +0000 2019,37022,93170,6040,False,3,,from Telangana in Tokyo Japan,3,0,0,0
1091642866592436224,WHOM WILL YOU VOTE THIS ELECTION 2K19 I WILL GO FOR NOTAüîîüîîüîî,Sat Feb 02 10:21:55 +0000 2019,10,9,2,False,0,,Unknown,6,0,0,0
1091427439346106368,"Obviously had to be politically correct, pretty surprised has made it both politically as well as practically correct!! &amp; please ignore and focus on",Fri Feb 01 20:05:53 +0000 2019,10582,3050,109,False,1,,New Delhi India,7,0,0,0
1091400380230045698,Will Narendra Modi win the 2019 PM elections?,Fri Feb 01 18:18:22 +0000 2019,568,575,111,False,0,,Nashik India,11,0,0,0
1091367896888991744,RT @snanda54: Pls give Views on üëáüëá v/s 1.Prospects of bjp after budget 2. Congress prospects after budget @Nira‚Ä¶,Fri Feb 01 16:09:17 +0000 2019,44511,68547,988,False,5,Pls give Views on üëáüëá v/s 1.Prospects of bjp after budget 2. Congress prospects after budget @NiranjanTripa16 @pkm370 @BhootSantosh @Mohamma20611294 @Amaresh45814810 @Sudarsh63169707 @sapnajoshi122 @Aparna53704812 @Sunita_Roa @Pooja_2727 @UJ1701,India,2,1,0,0
1091352673524346881,Pls give Views on üëáüëá v/s 1.Prospects of bjp after budget 2. Congress prospects after budget @NiranjanTripa16 @pkm370 @BhootSantosh @Mohamma20611294 @Amaresh45814810 @Sudarsh63169707 @sapnajoshi122 @Aparna53704812 @Sunita_Roa @Pooja_2727 @UJ1701,Fri Feb 01 15:08:48 +0000 2019,28838,34851,4338,False,5,,Unknown,2,11,0,0
1091310935036198913,Someone please help me getting out of confusion i have. I want to vote for BJP but i will never vote for @Akali_Dal_ I want to vote for @capt_amarinder but not for @INCIndia @narendramodi @BJP4India,Fri Feb 01 12:22:57 +0000 2019,7348,2755,198,False,1,,BHARAT(Ludhiana),4,5,0,0
1091279590796886017,BJD for BJP for Make sure that they will Win . Sorry for . Better luck next time. @srrashmi1 @nidhi_budha @drgynaec @sala_budha @Naveen_Odisha @akala_kushmanda @AnubhavMohanty_,Fri Feb 01 10:18:24 +0000 2019,1708,968,138,False,0,,Pune India,6,7,0,0
1091261548721451009,"Loot for 4.5 years. Attractive subsidies, slashed prices and unbelievable tax slabs for 4 months. Let the election drama begin!",Fri Feb 01 09:06:42 +0000 2019,36,244,99,False,0,,India,6,0,0,0
1091041851967135744,I'm loving this tweet fight between BJP and Congress All I need is popcorn!,Thu Jan 31 18:33:42 +0000 2019,3416,6518,533,False,0,,India,1,0,0,0
1090953159789301760,"RT @being_delhite: Randeep Surjewala should quit Congress and Contribute to Nation Building by joining hands with BJP. Congress, with @Rah‚Ä¶",Thu Jan 31 12:41:16 +0000 2019,11310,11858,329,False,2,"Randeep Surjewala should quit Congress and Contribute to Nation Building by joining hands with BJP. Congress, with @RahulGandhi as it's President, shall cease to exist post .",India.,0,1,0,0
1090950223290081280,"A lesson for the Congress and Opposition especially for UP. DO NOT THINK A THREE CORNERED CONTEXT CAN KEEP FASCISTS IN CHECK. Think Country not Party Congress@100 In Rajasthan After Win, BJP Wins In Haryana Seat: 10 Points",Thu Jan 31 12:29:36 +0000 2019,805,18989,50491,False,0,,Mumbai,1,0,0,1
1090935146407170048,"Congress dumped Mr. @ncbn for , next is People's turn. If he continues with BJP, his image would have remained good. makes everybody suffer accordingly :)",Thu Jan 31 11:29:42 +0000 2019,1677,8362,390,False,0,,Modi's location,2,1,0,0
1090934869180346368,"Randeep Surjewala should quit Congress and Contribute to Nation Building by joining hands with BJP. Congress, with @RahulGandhi as it's President, shall cease to exist post .",Thu Jan 31 11:28:36 +0000 2019,6327,73688,3581,False,2,,Dil in Delhi Dard in Chennai,3,1,0,0
1090891172690751488,"Without a single vote has been cast, India has opinion polls. NDA to win 252 seats, fall just short of majority, predicts Times Now-VMR poll",Thu Jan 31 08:34:58 +0000 2019,1417,203254,5837,False,0,,India - Bharat - Hindustan,7,0,0,1
1090887062637600769,RT @mishrashivam517: Hands Up üòÇüòÇüòÇ ‡•ã‡§¶‡•Ä_‡§∏‡§∞‡§ï‡§æ‡§∞ ‡§æ‡§ó‡§†‡§¨‡§Ç‡§ß‡§® ‚Ä¶,Thu Jan 31 08:18:38 +0000 2019,151,128,4,False,2,Hands Up üòÇüòÇüòÇ ‡•ã‡§¶‡•Ä_‡§∏‡§∞‡§ï‡§æ‡§∞ ‡§æ‡§ó‡§†‡§¨‡§Ç‡§ß‡§®,Bihar India,9,1,0,0
1090886281171816448,"Youth unemployment and farmers' distress are the two of the biggest factors to watch for the forthcoming elections, needless to say they're apart from the CASTE factor.",Thu Jan 31 08:15:31 +0000 2019,685,3292,2037,False,0,,Delhi/Mumbai,3,0,0,1
1090885462397337601,Whoever wants to see /11 can vote for Whoever wants to see can vote for,Thu Jan 31 08:12:16 +0000 2019,4,7,2,False,0,,‡§µ‡§≤‡§∏‡§æ‡§°‡§º ‡§≠‡§æ‡§∞‡§§,6,0,0,0
1090858343273562112,Both national parties have reached nadir political discourse ; it's time shows them the door.Till then ? @ShekharGupta @shekharkahin @aroonpurie this merry-go-round BJP Congress must end,Thu Jan 31 06:24:30 +0000 2019,14427,11478,87,False,0,,India,3,3,0,1
1090834543861551104,The scenario that is being nurtured in the country by the duo of Amit Shah and Narendra Modi will ensure the BJP's big defeat. I think the Congress will win by a margin beyond expectations,Thu Jan 31 04:49:56 +0000 2019,55081,237840,77299,False,0,,New Delhi India,1,0,0,1
1090674617730109440,RT @laxman_xy: Choice between below Surging Economy thanks to or Emperor Bokassa 's Banana Re‚Ä¶,Wed Jan 30 18:14:27 +0000 2019,450536,21375,28105,False,8,Choice between below Surging Economy thanks to or Emperor Bokassa 's Banana Republic of Nehruvian Italian socialist shithole till 2014 @MirrorNow @the_hindu,Villarrobledo (AB).Actual,4,1,0,0
1090666028785225728,"RT @iDebapriya: ""BJD, Congress are two sides of the same coin."" - @AmitShah ""BJP, BJD are two sides of the same coin."" - @NPatnaikOdisha‚Ä¶",Wed Jan 30 17:40:19 +0000 2019,6107,2216,344,False,3,"""BJD, Congress are two sides of the same coin."" - @AmitShah ""BJP, BJD are two sides of the same coin."" - @NPatnaikOdisha Conclusion: They seems to be confused of the increasing popularity of @bjd_odisha.",  Bhubaneswar odisha IND,0,3,0,0
1090647209962463232,"To all the political party supporters, Deep down we all know that neither BJP nor Congress is fool proof.While supporting one party fully,we tend to ignore the loopholes within it.Taking a side is good provided we are aware that we support their flaws too.",Wed Jan 30 16:25:32 +0000 2019,529,800,59,False,0,,India,1,0,0,0
1090646429163352065,@TimesNow Opinion poll results show Congress-DMK alliance win 35 out of 39 seats in TN while is likely to win 4 seats while the is unlikely to win even a single seat.,Wed Jan 30 16:22:26 +0000 2019,1,65,22,False,0,,Unknown,9,1,0,0
1090640345845530624,"@RahulGandhi ji, if you want to win this election, just add 0 % corruption in the agenda of all your campaigns. You and everybody knows, why people hate congress &amp; co. fyi, i am not a BJP supporter.",Wed Jan 30 15:58:16 +0000 2019,4135,2078,91,False,0,,Bengaluru India,3,1,0,0
1090639573573660673,Exactly my point We cannot vote @INCIndia who couldn't eradicate poverty in 70 years @elitebhavin @BhrugiveD_Vesim @_being_dutta @DtPiyuNair @zankrut,Wed Jan 30 15:55:12 +0000 2019,1810,829,77,False,1,,Unknown,9,6,0,1
1090540997463937024,When was campaigning to be in power in 2014 there was no communal violence and now when will campaign to be in power in 2019 there seems to have communal violence...! Give a min to urself and think now who is planning communal violence! @PMOIndia,Wed Jan 30 09:23:29 +0000 2019,1464,607,136,False,0,,Unknown,3,1,0,1
1090537264914952192,"""BJD, Congress are two sides of the same coin."" - @AmitShah ""BJP, BJD are two sides of the same coin."" - @NPatnaikOdisha Conclusion: They seems to be confused of the increasing popularity of @bjd_odisha.",Wed Jan 30 09:08:39 +0000 2019,7668,6194,579,False,3,,Virtually Everywhere,1,3,0,0
1090505803642085376,Campaign Highlights: Rahul Gandhi Says Narendra Modi Broke India's Economic Spine.,Wed Jan 30 07:03:38 +0000 2019,1602,12629,2734,False,0,,India,7,0,0,1
1090494145288781824,"It is better for Tamil Nadu political parties to contest individually without central parties like &amp; . Whenever disaster comes, No north Indian politcal leaders helping &amp; not visiting TN during disaster",Wed Jan 30 06:17:19 +0000 2019,575,323840,2282,False,1,,India,8,0,0,0
1090478286776369153,"Please review what Congress is offering and how public would react while voting to them - Farm Loan Waiver, Minimum Income Guarantee to Poor, Ram Temple Construction, Women Reservation Bill - and how your offers would match. @BJP4India @AmitShah @PiyushGoyal",Wed Jan 30 05:14:18 +0000 2019,7918,9811,1171,False,1,,New Delhi India,1,3,0,0
1090475317964111873,"Who is the Big Brother in Maharashtra? With alliances and counter alliances still forming, the picture will be clearer closer to the elections? Picture abhi baaki hai!",Wed Jan 30 05:02:30 +0000 2019,9183,7042,3325,False,0,,Bengaluru India,8,0,0,0
1090397277397618688,"@RahulGandhi I think ppl fear to translate lies @BJP4India Congress President Rahul Gandhi addresses Booth Workers in Cochin,... via @YouTube",Tue Jan 29 23:52:24 +0000 2019,181,5394,497,False,0,,Accra Ghana,2,3,0,1
1092175772398338048,BJP can relaunch it's 2014 manifesto for 2019. Its so fresh and undone. No changes requried except date and year.,Sun Feb 03 21:39:30 +0000 2019,8114,12938,413,False,2,,Fujairah United Arab Emirates,6,0,0,0
1090644861164826624,the National Statistical Commission no longer exists! Both remaining members have resigned after the government of @BJP4India refuses to release the NSSO employment report they had inspected!! @RahulGandhi ‚úãüèªüáÆüá≥@AICCMedia @INCIndia,Wed Jan 30 16:16:12 +0000 2019,11,38,15,False,0,,Bihar India,2,4,0,0
1091416741077409792,"@republic So they say that congress gives so much... how come no one ever receives it. Don‚Äôt throw irrelevant numbers, talk about results. Talk about what results did your numbers achieve and share source of that data point. Sorry if this is too technical for congress",Fri Feb 01 19:23:23 +0000 2019,3154,1022,73,False,0,,Adelaide South Australia,1,1,0,0
1093599125356957698,RT @Burnol4congress: Stats right now BJP- 280-290 NDA - 330-340 Congress- 80-90 Others- 125-135 Wave effects ‚Ä¶,Thu Feb 07 19:55:24 +0000 2019,7775,14147,150,False,27,Stats right now BJP- 280-290 NDA - 330-340 Congress- 80-90 Others- 125-135 Wave effects,Bengaluru India,2,1,0,0
1093522310395355136,Encounter of @INCIndia complete. @RahulGandhi absent from Parliament. ho gaya K neechay. Surgical strike on rolled over 2 @BJP4India @narendramodi sir ROCK ON,Thu Feb 07 14:50:10 +0000 2019,3277,9508,226,False,0,,New Delhi India,9,4,0,0
1093516548415733760,Modi demolished Congress. We should give one more chance .,Thu Feb 07 14:27:16 +0000 2019,424,340,100,False,0,,New Delhi Delhi,3,0,0,0
1093504678506033152,"@BJP4JnK @BJP4India @b ""Mahatma Gandhi wanted to disband Congress.I am just completing his dream"" -Prime Minister ""Joining Congress is like committing suicide""- Dr.Ambedkar",Thu Feb 07 13:40:06 +0000 2019,4408,2370,51,False,0,,Jammu Jammu And Kashmir,4,3,0,0
1093503207467245568,"By exposing misdeeds &amp; Misgovernance of Congress, @BJP4India @BJPLive @BJPMahilaMorcha @BJYM have great opportunity to take Bharat by storm for landslide victory ‡•ã‡§¶‡•Ä_‡§∏‡§∞‡§ï‡§æ‡§∞_‡§´‡§ø‡§∞_‡§∏‡•á ‡§æ‡§ó‡§†‡§¨‡§Ç‡§ß‡§® ‡•á‡§∞‡§æ_‡§µ‡•ã‡§ü_BJP_‡§ï‡•ã",Thu Feb 07 13:34:15 +0000 2019,60,34992,3446,False,0,,Worldwide,7,4,0,1
1093473859532144647,Wow! Stupendous! Mother of @RahulGandhi &amp; God Mother of @INCIndia appreciating Govt work. It‚Äôs a message for all congressis to vote for @BJP4India,Thu Feb 07 11:37:38 +0000 2019,11474,22437,2960,False,6,,Bengaluru India,3,3,0,1
1093433563431628800,Stats right now BJP- 280-290 NDA - 330-340 Congress- 80-90 Others- 125-135 Wave effects,Thu Feb 07 08:57:31 +0000 2019,3318,2221,3081,False,27,,India,4,0,0,0
1093175948764168197,Y this new on 14th page of @timesofindia .. .. @narendramodi @AmitShah @TajinderBagga @NupurSharmaBJP @UnSubtleDesi @SirJadeja @BJP4India,Wed Feb 06 15:53:51 +0000 2019,267,80,1,False,0,,Unknown,6,8,0,0
1093071375047118848,joins .. Don't know what's going to happen with Congress this year as it's picking up random people!,Wed Feb 06 08:58:18 +0000 2019,0,400,1733,False,1,,Mumbai | Singapore,6,0,0,0
1093067590216372224,"SpokePerson Sri @sambitswaraj Ji says, Poster of two has been put in front of office. Both of them are OUT On BAIL.",Wed Feb 06 08:43:16 +0000 2019,895,3282,64,False,0,,nEW dELHI,10,1,0,1
1093054747316285442,BTM layout MLA Ramalingareddy is paying for being loyal to congress for decades.. Time for Ramalingareddy and Sowmya Reddy to switch over to progressive party for India @BJP4India and for the future of @NammaBengaluroo @BJP4Karnataka,Wed Feb 06 07:52:14 +0000 2019,39,1237,649,False,0,,Bengaluru South India,1,3,0,0
1092854608832020482,Fire crackers bursting on account of bday of @sanjaynirupam . Bajalo bajalo..thode din mein aapki bajne wali hai @BJP4India @narendramodi,Tue Feb 05 18:36:57 +0000 2019,12600,4193,347,False,1,,mumbai,2,3,0,0
1092715542685904897,"RT @EasyPeezyTweet: While &amp; is trying to make more self reliant &amp; confident, &amp; is trying to fool C‚Ä¶",Tue Feb 05 09:24:21 +0000 2019,99,328,51,False,11,"While &amp; is trying to make more self reliant &amp; confident, &amp; is trying to fool Citizens by waiving loans &amp; providing unemployment income. Another trap !",Unknown,5,1,0,0
1092700513362075648,Intellectuals will say it's Photoshop üòè,Tue Feb 05 08:24:38 +0000 2019,700,253,127,False,0,,India,8,0,0,0
1092682984816291845,@Pratyangira1 @kirantikari0 @VinodRungta3 @deanarayan @Thakur_IJSingh @cprd_india @CongressDahan @Rishi_IHA @smritiirani @KailashOnline @SuPriyoBabul @ShefVaidya @vivekagnihotri @VictoryForNamo @thesharad @AajKaMowgli @ABHISHE17958757 @PidiBuster @SankarB78420183 @SumanSh58123278 @getazadi @yadavakhilesh @RahulGandhi @yadavtejashwi @ncbn @OmarAbdullah @ArvindKejriwal @MamataOfficial @dubeyback @TheSupremeRahu @OnlineRajan__ @krishnacomedian @0009suhani @ranaji____77 @RahulMishra_60 @kumarniranjan82 @nair_hena @Mirror__Wow @Brajesh1980Bs @ChandBrajesh @manish31289 @vandanaragrawal @thakursaab987 @dr_dey_subodh Rt please ‡•ã‡§¶‡•Ä_‡§∏‡§∞‡§ï‡§æ‡§∞_‡§´‡§ø‡§∞_‡§∏‡•á ‡•ã‡§¶‡•Ä_‡§ú‡•Ä @BJP4India ‡§æ‡§ì_‡§¶‡•á‡§∂_‡§¨‡§ö‡§æ‡§ì,Tue Feb 05 07:14:59 +0000 2019,3464,40350,1668,False,13,,Unknown,5,45,0,0
1092643649278509056,chirag khandelwal (@chiragk98537) Tweeted: @narendramodi @narendramodi_in @Dev_Fadnavis @Dev_Fadnavis (),Tue Feb 05 04:38:40 +0000 2019,0,12,6,False,0,,Akola India,7,5,0,2
1092491909971365888,Rahul Gandhi and his Bad Mouthing Strategy To Win Votes,Mon Feb 04 18:35:43 +0000 2019,758,1350,229,False,0,,Unknown,10,0,0,1
1092412820539400192,Got Pens and Key Rings: @namomerchandise,Mon Feb 04 13:21:27 +0000 2019,758,1350,229,False,4,,Unknown,12,1,0,0
1092305121885605889,@JhaSanjay know your party @INCIndia have a . And he made a . In short time An will ride on in your . ‡•ç‡§∑‡•ç‡§Ø_‡§π‡§Æ‡§æ‡§∞‡§æ_‡§Æ‡•ã‡§¶‡•Ä_‡§¶‡•ã‡§¨‡§æ‡§∞‡§æ,Mon Feb 04 06:13:29 +0000 2019,30943,8759,1923,False,2,,SURAT,14,2,0,0
1092166840334336001,@INCIndia @arunjaitley @INCIndia In 1971 (48 years ago) A PM candidate for Congress (Also known as killer of India‚Äôs democracy) said ‚ÄúGaribi Hatao‚Äù. Any updates? @BJP4India,Sun Feb 03 21:04:00 +0000 2019,115,103,24,False,1,,Dubai United Arab Emirates,1,4,0,0
1092153466238038017,Industry Leaders Praising Modi Government :,Sun Feb 03 20:10:52 +0000 2019,758,1350,229,False,5,,Unknown,11,0,0,1
1092146497209024513,"@H_D_Devegowda If emergency was wrong why are you with the congress ? It doesn't make sense, or you want to tell emergency was imposed by @BJP4India ? @BJP4Karnataka @ExSecular @desimojito @ramapriya1989 @followaanchal",Sun Feb 03 19:43:10 +0000 2019,5123,2513,216,False,5,, karnatakaindia,5,7,0,0
1092103374928076806,"@BJP4Karnataka @Purple_Truth @AmitShah @MamataOfficial Yet, Congressi Media doesn't question her. Atleast People must see what will they do to this nation if God Forbid doesn't happen.",Sun Feb 03 16:51:49 +0000 2019,18423,48011,302,False,0,,Unknown,5,4,0,1
1091940674797064192,@Hydbiryani11 @Am_dilip @colkt @SundarMP1 @KINGEHIND @telugu_anorak @AnkushD65021363 @JayeBharat @jyotsnavarma9 @Savitritvs @brainjal @gouranga1964 @faramroze @SangoliR @SGK19551 @DDSanguri @LillyMaryPinto @prasad_perla @itssitu @RAJANITHYANAN14 @athavale_abhi @ChakdeIndia11 @purohit_b @yessirtns @ads7506 @LD_VillageGuy @KashmirSParihar @kailashkaushik8 @chandan27648045 @satishanna12 @AnuragAtul @BachaoIndiako @ThunderIndia93 @AdiMadhav @NiniHala @Dipesh28783256 @Drsunandambal @JaganNKaushik @dharmvirjangra9 @praneelraja @RaghavendraUp16 @vera_anz @nparama1951 @Vaidikah @Bangboy54466920 @Saliltoday @BarStoolPandit @narendramodi 55 years V/s 55 years Challenge,Sun Feb 03 06:05:18 +0000 2019,4969,4827,754,False,2,,Mumbai India,3,48,0,1
1091939323958546432,@yessirtns @iamshinerk @Shre_vi @mohnishpatel8 @vh_vikram @sunderajen @Gandha_GK @saying_as_it_is @indu_00 @shruttitandon @RAICHURARAJESH1 @ipunamchoudhary @riyaOmm @BhuvanaRajagop @Revz_R @sanj9 @SujuS72 @chilswar @duttaroy_nina @NilotpalMukher6 @bestie_aarohi @RahulGandhi 55 years V/s 55 years Challenge And beyond,Sun Feb 03 05:59:56 +0000 2019,4969,4827,754,False,2,,Mumbai India,4,22,0,1
1091929919213301760,"Election won &amp; ruled by Congress 1952/1957/1962/1967/1971/1977/1980/1984/1991/2004 /2009 55 yrs of Congress Rule Out of 70 yrs, Their many blunders Kashmir, China,Pakistan, caste etc Loots from Sonia &amp; gangs not acceptable Next 55 yrs",Sun Feb 03 05:22:34 +0000 2019,4969,4827,754,False,6,,Mumbai India,3,0,0,0
1091790846867972096,"@krayujaa @ANI @hd_kumaraswamy @PMOIndia @BJP4India @timesofindia @BJP4Karnataka I am not supporter of Govt not Italian ruler , Better you understandüòé. I am true Gowda, Better you follow in our line else will show you your way soon. Wait and watch. @narendramodi @BJP4India",Sat Feb 02 20:09:57 +0000 2019,6129,5831,554,False,0,,Dar Es Salaam...Tanzania,4,9,0,0
1091771801154306049,@TheVijayMallya If I have to pay Interest over interest on default of Loan then you also fall in same category law of land ü§î It's not Congress who had different set of rules for me and you üò° its @BJP4India under @narendramodi,Sat Feb 02 18:54:16 +0000 2019,34600,28918,3781,False,5,,India,3,3,0,0
1091693497508290560,"@HIMESH_SS @mattarhegde @HarishK04131926 @YashpalBJP @BJP4Udupi @BJP4UttarKannad @DheerajGbc @Harvansh_Batra @VictoryForNamo @narendramodi177 @LillyMaryPinto @narendramodi @sukanyaiyer2 @meenakshisharan @prema66437147 @Meenu_71 @RamsaBJYM @bakoriya_kirti_ @sanghavideepa @Babble524 @OnlineRajan__ @samar97189157 @PatelOnTop @AjayPandey__ @DebashishHiTs @ankitasood13 @hindustanse @MahiHerambha @hindu_blood @vibhor_anand @SmithaDutt @lakshmianand96 @vanitajain21 @I_Shubham1993 @Reema_bjp @Narendramodi_PM @Narendrap86 @iSameerKaushik @be_polite29 @jadonpriyanka @rupalishah_ragi Congress is Afraid of by thinking ""what if EVM works?"" EVM = Picture abhi baaki hai... is the Stepping Stone for üôèüèª @PiyushGoyal @blsanthosh @ibhagwa_n @iNarendraModiG",Sat Feb 02 13:43:07 +0000 2019,24060,36608,4088,False,15,,India,8,45,0,0
1091645191688089600,are you happy by the budget presented yesterday?,Sat Feb 02 10:31:10 +0000 2019,285,40,17,False,0,,Pune India,6,0,0,0
1091581524481257472,RT @harinathghn: @BJP4Karnataka @vinayd_88 @RahulGandhi Pappu pose will show the heat of NAMO stroke. Realty never digest to Congress ‚Ä¶,Sat Feb 02 06:18:10 +0000 2019,29883,60111,1486,False,2,@BJP4Karnataka @vinayd_88 @RahulGandhi Pappu pose will show the heat of NAMO stroke. Realty never digest to Congress ‡•ç‡§∑‡•ç‡§Ø_‡§π‡§Æ‡§æ‡§∞‡§æ_‡§Æ‡•ã‡§¶‡•Ä_‡§¶‡•ã‡§¨‡§æ‡§∞‡§æ ‡•Ä_‡§¨‡§æ‡§∞_400_‡§™‡§æ‡§∞ ‡•ã‡§¶‡•Ä_‡§∏‡§∞‡§ï‡§æ‡§∞_‡§´‡§ø‡§∞_‡§∏‡•á @iashwathama @ibhagwa_n @RSFBLB @mvmeet,‡§ß‡§∞‡•ç‡§Æ&‡§¶‡•á‡§∂ ‡§ï‡•ã ‡§¨‡§ö‡§æ‡§®‡§æ ‡§π‡•Ä ‡§ß‡§∞‡•ç‡§Æ ‡§π‡•à,0,4,0,0
1091553583705710593,Itna Khamooshi Kyu bhai !! ü§£ü§£ü§£ Yeh budget tho sirf trailer hey wait and watch .,Sat Feb 02 04:27:09 +0000 2019,406,922,91,False,0,,hyderabad ,7,0,0,0
1091399565549330432,@GauravModified @silverkey741 @Ramesh_BJP @narendramodi @PMOIndia @PiyushGoyal @nishants79 @AnilJ_Modi19 @ABHISHE17958757 @SoniaGurnani19 @EasyPeezyTweet @CantstopulovinM @NaMo_Phani @VandanaJayrajan üòÇüòÇüòÇ Yes....Of course ! He can afford it ! He and his clan has looted our nation for 65 years !!,Fri Feb 01 18:15:08 +0000 2019,41783,34312,4857,False,4,,Unknown,3,14,0,0
1091367703514738688,Got stickers :) @namomerchandise,Fri Feb 01 16:08:31 +0000 2019,758,1350,229,False,3,,Unknown,15,1,0,0
1091349521840320513,@BJP4Karnataka @vinayd_88 @RahulGandhi Pappu pose will show the heat of NAMO stroke. Realty never digest to Congress ‡•ç‡§∑‡•ç‡§Ø_‡§π‡§Æ‡§æ‡§∞‡§æ_‡§Æ‡•ã‡§¶‡•Ä_‡§¶‡•ã‡§¨‡§æ‡§∞‡§æ ‡•Ä_‡§¨‡§æ‡§∞_400_‡§™‡§æ‡§∞ ‡•ã‡§¶‡•Ä_‡§∏‡§∞‡§ï‡§æ‡§∞_‡§´‡§ø‡§∞_‡§∏‡•á @iashwathama @ibhagwa_n @RSFBLB @mvmeet,Fri Feb 01 14:56:16 +0000 2019,29883,60111,1486,False,2,,‡§ß‡§∞‡•ç‡§Æ&‡§¶‡•á‡§∂ ‡§ï‡•ã ‡§¨‡§ö‡§æ‡§®‡§æ ‡§π‡•Ä ‡§ß‡§∞‡•ç‡§Æ ‡§π‡•à,8,7,0,0
1091280225592201216,"Confused souls of Congress! Sleepless night MODE is ONüòÇ Wait for their next fake CLAIM, They are frustrated, we can't BLAME! üòÅ @BJP4Karnataka *haters, plz saty out, budget session is over, no mood to debate üòâ",Fri Feb 01 10:20:55 +0000 2019,20934,5761,371,False,5,,India,4,1,0,0
1091254335869046784,Yayyyy! BJP Govt. biggest boon to Middle Class People in BHARAT,Fri Feb 01 08:38:02 +0000 2019,2518,4833,73,False,0,,India,10,0,0,1
1091186368120680448,"While &amp; is trying to make more self reliant &amp; confident, &amp; is trying to fool Citizens by waiving loans &amp; providing unemployment income. Another trap !",Fri Feb 01 04:07:58 +0000 2019,13317,25052,985,False,11,, India-Canada,10,0,0,0
1091022017229291521,Congress leader comes abuses Hindu and they say BJP is communal,Thu Jan 31 17:14:53 +0000 2019,135,27190,541,False,0,,Bombay south,2,0,0,0
1090998977259032576,"@republic Before 2014 Elections, Congress ‚ò†Ô∏èwas considered by voters as Corrupt.ü§î Now in 2019.... Congress has established itself as Antinational Anti Hindu.üëé Examples are many....üòö I will vote for BJP/ NDA in 2019 for better future of India.üö©",Thu Jan 31 15:43:20 +0000 2019,4309,9459,2137,False,3,,NCR India,1,1,0,0
1090975725258125313,"President of @INCIndia shri @RahulGandhi again gave a stern message to all congressmen that if someone tries to grow too tall, he/she will face the same fate as that of @rssurjewala @HariManjhi @Abhishek834028 @BJP4India",Thu Jan 31 14:10:56 +0000 2019,8,399,28,False,0,,NIT JAMSHEDPUR,4,6,0,0
1090935119311974400,Unemployment rate highest in India in last four decades: NSSO Survey ‡§æ‡§ì_‡§¶‡•á‡§∂_‡§¨‡§ö‡§æ‡§ì,Thu Jan 31 11:29:35 +0000 2019,738,9764,2276,False,1,,Unknown,14,0,0,1
1090934424881979392,Reuters India says @Modi govt withheld factual unemployment report at 6.1%. @RahulGandhi @SushmaSwaraj ‡§æ‡§ì_‡§¶‡•á‡§∂_‡§¨‡§ö‡§æ‡§ì,Thu Jan 31 11:26:50 +0000 2019,1350,2510,58,False,0,,@datop earth sky moon,11,3,0,1
1090674595672281090,The Times Now-VMR opinion survey for the upcoming general election has predicted a hung. Lok Sabha in 2019 with the BJP-led NDA winning 252 seats in the 545-member house followed by the Congress-led UPA with 147 seats and Others with 144 seats.,Wed Jan 30 18:14:22 +0000 2019,43787,68333,4201,False,0,,Gujarat India,2,0,0,0
1090615297965506560,@RahulGandhi never thought you would stoop so low. Just to gain power you have become soulless!!,Wed Jan 30 14:18:44 +0000 2019,1149,1326,133,False,0,,Dublin City Ireland,7,1,0,1
1090598232529334272,"@ANI Whatever he did to , it shows the quality of ""Being Cheap"" of a politician.This only act shows that how unfit is he to remain back in ! is bound to doom!",Wed Jan 30 13:10:55 +0000 2019,6744,49541,469,False,0,,Unknown,11,1,0,0
1090585118735880192,The biggest fact this election appeasement politics feature used by bloody congress is of no more use now . Woww that the effect of great narendra modi,Wed Jan 30 12:18:49 +0000 2019,16,40,9,False,0,,Unknown,4,0,0,0
1090556499041181696,@JhaSanjay False. It's actually @INCIndia and it's 's vs the Rest of . @narendramodi @BJP4India,Wed Jan 30 10:25:05 +0000 2019,13317,25052,985,False,0,, India-Canada,11,4,0,0
1090518642301661184,"@republic What's outrageous Congress has used profanities for The PM &amp; have not even spared to talk nonsense during their interactions, abroad",Wed Jan 30 07:54:39 +0000 2019,448,1599,18,False,0,,India,7,1,0,0
1090486316742074368,@ReallySwara since 2014 all gutter people showed their real face! Thanks to @BJP4India government for hard-hitting on these so-called hypocrites! 2019 se pehle se dar gai he yeh hizko ki gang! phir se ‚úåÔ∏è,Wed Jan 30 05:46:12 +0000 2019,1979,649,146,False,0,,Ahmedabad,6,2,0,0
1090403998543183872,"@BDUTT @washingtonpost @RahulGandhi @INCIndia scriptures clearly tells us what had happened to such ""weapons"" in past. . It's perfectly timed for the pitfall of the Ghandy family.. @BJP4India",Wed Jan 30 00:19:06 +0000 2019,89,602,46,False,0,,North America,5,5,0,0
1093500096648486912,"LIVE: Congress disrespected our forces, says PM Modi @PMOIndia @narendramodi @INCIndia @BJP4India",Thu Feb 07 13:21:53 +0000 2019,2013,157129,2568,False,0,,Hyderabad,5,4,0,1
1093095722751127552,"BJP attacks Congress, alleges money laundering case for Priyanka Gandhi‚Äôs husband",Wed Feb 06 10:35:03 +0000 2019,77,4160,5714,False,0,,India,10,0,0,1
1091284326837235713,@aajtak To see version 2.0 vote for ji and in,Fri Feb 01 10:37:13 +0000 2019,3515,1805,224,False,0,,OdishaIndiaüáÆüá≥,14,1,0,0
1091153423016382464,RT @churumuri: 180-200 for Congress and allies; 160-175 for BJP and allies; 160-180 for all the rest: @DeccanHerald uses an old school jour‚Ä¶,Fri Feb 01 01:57:03 +0000 2019,8115,45311,441,False,33,"180-200 for Congress and allies; 160-175 for BJP and allies; 160-180 for all the rest: @DeccanHerald uses an old school journalism device‚Äîcorrespondents‚Äô analyses‚Äîto look into the crystal ball for 2019 . In UP, it predicts 20-22 for BJP; 52 for SP-BSP-RLD.",Mandya India,0,2,0,0
1093521564841242626,"is feeling uneasy by the proposed alliance of opposition parties for For Modi, its time to show the people that what he has achieved, rather then behaving as an opposition being in government.",Thu Feb 07 14:47:12 +0000 2019,92,3038,94,False,0,,Islamabad,5,0,0,0
1093095722751127552,"BJP attacks Congress, alleges money laundering case for Priyanka Gandhi‚Äôs husband",Wed Feb 06 10:35:03 +0000 2019,77,4160,5714,False,0,,India,10,0,0,1
1093029080386068480,"RT @arvindgunasekar: As reported earlier,both BJP &amp; Congress have asked for 12 seats from ADMK &amp; DMK respectively though both the regional‚Ä¶",Wed Feb 06 06:10:14 +0000 2019,14345,11619,84,False,17,"As reported earlier,both BJP &amp; Congress have asked for 12 seats from ADMK &amp; DMK respectively though both the regional parties are planning to limit it to single digits. Looks like Congress will contest one r two seats more than BJP. Backroom talks underway.",Coimbatore India,0,1,0,0
1093020536685289472,RT @arvindgunasekar: BJP in TN will contest in equal number of seats as Congress contests in : Senior BJP Leader Will‚Ä¶,Wed Feb 06 05:36:17 +0000 2019,74,82618,209,False,24,BJP in TN will contest in equal number of seats as Congress contests in : Senior BJP Leader Will ADMK give 8+ seats for BJP as Congress pitching for 8+ seats from DMK ? Both ADMK &amp; DMK aiming to contest 25 seats at least !,Unknown,1,1,0,0
1092998106713677824,"As reported earlier,both BJP &amp; Congress have asked for 12 seats from ADMK &amp; DMK respectively though both the regional parties are planning to limit it to single digits. Looks like Congress will contest one r two seats more than BJP. Backroom talks underway.",Wed Feb 06 04:07:10 +0000 2019,5204,22950,29454,False,17,,New Delhi,1,0,0,1
1092392450927165441,"The possible alliances for Alliance 1: Congress and other opposition parties. Alliance 2: BJP, CBI, IT Dept., Enforcement Directorate, Election Commission, NITI Ayog, Pliable Press, Gods (who never born) Sanyasis and Cow. üòÇ",Mon Feb 04 12:00:30 +0000 2019,1656,5772,456,False,0,,Bengaluru India,1,0,0,0
1091284326837235713,@aajtak To see version 2.0 vote for ji and in,Fri Feb 01 10:37:13 +0000 2019,3516,1808,224,False,0,,OdishaIndiaüáÆüá≥,14,1,0,0
1091246361708769280,Since there is political atmosphere in India here's a simple poll who'll win 2019 elections ?,Fri Feb 01 08:06:21 +0000 2019,496,142,6,False,0,,Mumbai India,13,0,0,0
1090640345845530624,"@RahulGandhi ji, if you want to win this election, just add 0 % corruption in the agenda of all your campaigns. You and everybody knows, why people hate congress &amp; co. fyi, i am not a BJP supporter.",Wed Jan 30 15:58:16 +0000 2019,4141,2078,91,False,0,,Bengaluru India,3,1,0,0
1090533399931031552,"RT @1VisionShare: After 's its , using as winning strategy for . How are these parties planning to g‚Ä¶",Wed Jan 30 08:53:18 +0000 2019,10298,7256,397,False,3,"After 's its , using as winning strategy for . How are these parties planning to get this money- taxing ? money printing? Whichever way,UBI will be linked to . Both the parties on verge to sell privacy.",India,4,1,0,0
1090473733297487872,"After 's its , using as winning strategy for . How are these parties planning to get this money- taxing ? money printing? Whichever way,UBI will be linked to . Both the parties on verge to sell privacy.",Wed Jan 30 04:56:12 +0000 2019,0,179,2,False,3,,Unknown,7,0,0,0
